task_id,job_id,app_name,node_name,ucb_reward,ucb_arm,user_id,task_type,offloaded,edge_id,arrival_time,finish_time,inter_arrival_ms,latency_ms,waiting_ms,proc_ms,tx_delay_ms,transit_ms,channel_rate_mbps,cycles_total,split_ratio,cycles_local,cycles_edge,local_ratio,edge_ratio,finish_time_edge
50000001,,,,0,,5,Medium,0,-1,0.011,1.011,,1000.0,0.0,1000.0,0.0,0.0,,1000000000.0,0.0,1000000000.0,0.0,1.0,0.0,
1,,,,0,,0,Medium,0,-1,0.022,1.022,,1000.0,0.0,1000.0,0.0,0.0,,1000000000.0,0.0,1000000000.0,0.0,1.0,0.0,
20000001,,,,0,,2,Medium,0,-1,0.055,1.055,,1000.0,0.0,1000.0,0.0,0.0,,1000000000.0,0.0,1000000000.0,0.0,1.0,0.0,
10000001,,,,0,,1,Medium,0,-1,0.066,1.066,,1000.0,0.0,1000.0,0.0,0.0,,1000000000.0,0.0,1000000000.0,0.0,1.0,0.0,
40000001,,,,0,,4,Medium,0,-1,0.144,1.144,,1000.0,0.0,1000.0,0.0,0.0,,1000000000.0,0.0,1000000000.0,0.0,1.0,0.0,
30000001,,,,0,,3,Medium,0,-1,0.177,1.177,,1000.0,0.0,1000.0,0.0,0.0,,1000000000.0,0.0,1000000000.0,0.0,1.0,0.0,
50000002,,,,0,,5,Medium,0,-1,0.044,2.011,33.0,1967.0,967.0,1000.0,0.0,0.0,,1000000000.0,0.0,1000000000.0,0.0,1.0,0.0,
2,,,,0,,0,Medium,0,-1,0.033,2.022,11.0,1989.0,989.0,1000.0,0.0,0.0,,1000000000.0,0.0,1000000000.0,0.0,1.0,0.0,
20000002,,,,0,,2,Medium,0,-1,0.388,2.055,333.0,1667.0,667.0,1000.0,0.0,0.0,,1000000000.0,0.0,1000000000.0,0.0,1.0,0.0,
10000002,,,,0,,1,Medium,0,-1,0.077,2.066,11.0,1989.0,989.0,1000.0,0.0,0.0,,1000000000.0,0.0,1000000000.0,0.0,1.0,0.0,
40000002,,,,0,,4,Medium,0,-1,0.166,2.144,22.0,1978.0,978.0,1000.0,0.0,0.0,,1000000000.0,0.0,1000000000.0,0.0,1.0,0.0,
30000002,,,,0,,3,Medium,0,-1,0.344,2.177,167.0,1833.0,833.0,1000.0,0.0,0.0,,1000000000.0,0.0,1000000000.0,0.0,1.0,0.0,
50000003,,,,0,,5,Medium,0,-1,0.1,3.011,56.0,2911.0,1911.0,1000.0,0.0,0.0,,1000000000.0,0.0,1000000000.0,0.0,1.0,0.0,
3,,,,0,,0,Medium,0,-1,0.111,3.022,78.0,2911.0,1911.0,1000.0,0.0,0.0,,1000000000.0,0.0,1000000000.0,0.0,1.0,0.0,
20000003,,,,0,,2,Medium,0,-1,0.444,3.055,56.0,2611.0,1611.0,1000.0,0.0,0.0,,1000000000.0,0.0,1000000000.0,0.0,1.0,0.0,
10000003,,,,0,,1,Medium,0,-1,0.088,3.066,11.0,2978.0,1978.0,1000.0,0.0,0.0,,1000000000.0,0.0,1000000000.0,0.0,1.0,0.0,
40000003,,,,0,,4,Medium,0,-1,0.244,3.144,78.0,2900.0,1900.0,1000.0,0.0,0.0,,1000000000.0,0.0,1000000000.0,0.0,1.0,0.0,
30000003,,,,0,,3,Medium,0,-1,0.366,3.177,22.0,2811.0,1811.0,1000.0,0.0,0.0,,1000000000.0,0.0,1000000000.0,0.0,1.0,0.0,
50000004,,,,0,,5,Medium,0,-1,0.122,4.011,22.0,3889.0,2889.0,1000.0,0.0,0.0,,1000000000.0,0.0,1000000000.0,0.0,1.0,0.0,
4,,,,0,,0,Medium,0,-1,0.155,4.022,44.0,3867.0,2867.0,1000.0,0.0,0.0,,1000000000.0,0.0,1000000000.0,0.0,1.0,0.0,
20000004,,,,0,,2,Medium,0,-1,0.455,4.055,11.0,3600.0,2600.0,1000.0,0.0,0.0,,1000000000.0,0.0,1000000000.0,0.0,1.0,0.0,
10000004,,,,0,,1,Medium,0,-1,0.222,4.066,134.0,3844.0,2844.0,1000.0,0.0,0.0,,1000000000.0,0.0,1000000000.0,0.0,1.0,0.0,
40000004,,,,0,,4,Medium,0,-1,0.255,4.144,11.0,3889.0,2889.0,1000.0,0.0,0.0,,1000000000.0,0.0,1000000000.0,0.0,1.0,0.0,
30000004,,,,0,,3,Medium,0,-1,0.433,4.177,67.0,3744.0,2744.0,1000.0,0.0,0.0,,1000000000.0,0.0,1000000000.0,0.0,1.0,0.0,
50000005,,,,0,,5,Medium,0,-1,0.133,5.011,11.0,4878.0,3878.0,1000.0,0.0,0.0,,1000000000.0,0.0,1000000000.0,0.0,1.0,0.0,
5,,,,0,,0,Medium,0,-1,0.188,5.022,33.0,4834.0,3834.0,1000.0,0.0,0.0,,1000000000.0,0.0,1000000000.0,0.0,1.0,0.0,
20000005,,,,0,,2,Medium,0,-1,0.488,5.055,33.0,4567.0,3567.0,1000.0,0.0,0.0,,1000000000.0,0.0,1000000000.0,0.0,1.0,0.0,
10000005,,,,0,,1,Medium,0,-1,0.233,5.066,11.0,4833.0,3833.0,1000.0,0.0,0.0,,1000000000.0,0.0,1000000000.0,0.0,1.0,0.0,
40000005,,,,0,,4,Medium,0,-1,0.277,5.144,22.0,4867.0,3867.0,1000.0,0.0,0.0,,1000000000.0,0.0,1000000000.0,0.0,1.0,0.0,
30000005,,,,0,,3,Medium,0,-1,0.522,5.177,89.0,4655.0,3655.0,1000.0,0.0,0.0,,1000000000.0,0.0,1000000000.0,0.0,1.0,0.0,
50000006,,,,0,,5,Medium,0,-1,0.3,6.011,167.0,5711.0,4711.0,1000.0,0.0,0.0,,1000000000.0,0.0,1000000000.0,0.0,1.0,0.0,
6,,,,0,,0,Medium,0,-1,0.2,6.022,12.0,5822.0,4822.0,1000.0,0.0,0.0,,1000000000.0,0.0,1000000000.0,0.0,1.0,0.0,
20000006,,,,0,,2,Medium,0,-1,0.544,6.055,56.0,5511.0,4511.0,1000.0,0.0,0.0,,1000000000.0,0.0,1000000000.0,0.0,1.0,0.0,
10000006,,,,0,,1,Medium,0,-1,0.288,6.066,55.0,5778.0,4778.0,1000.0,0.0,0.0,,1000000000.0,0.0,1000000000.0,0.0,1.0,0.0,
40000006,,,,0,,4,Medium,0,-1,0.333,6.144,56.0,5811.0,4811.0,1000.0,0.0,0.0,,1000000000.0,0.0,1000000000.0,0.0,1.0,0.0,
30000006,,,,0,,3,Medium,0,-1,0.611,6.177,89.0,5566.0,4566.0,1000.0,0.0,0.0,,1000000000.0,0.0,1000000000.0,0.0,1.0,0.0,
50000007,,,,0,,5,Medium,0,-1,0.311,7.011,11.0,6700.0,5700.0,1000.0,0.0,0.0,,1000000000.0,0.0,1000000000.0,0.0,1.0,0.0,
7,,,,0,,0,Medium,0,-1,0.211,7.022,11.0,6811.0,5811.0,1000.0,0.0,0.0,,1000000000.0,0.0,1000000000.0,0.0,1.0,0.0,
20000007,,,,0,,2,Medium,0,-1,0.555,7.055,11.0,6500.0,5500.0,1000.0,0.0,0.0,,1000000000.0,0.0,1000000000.0,0.0,1.0,0.0,
10000007,,,,0,,1,Medium,0,-1,0.355,7.066,67.0,6711.0,5711.0,1000.0,0.0,0.0,,1000000000.0,0.0,1000000000.0,0.0,1.0,0.0,
40000007,,,,0,,4,Medium,0,-1,0.377,7.144,44.0,6767.0,5767.0,1000.0,0.0,0.0,,1000000000.0,0.0,1000000000.0,0.0,1.0,0.0,
30000007,,,,0,,3,Medium,0,-1,0.644,7.177,33.0,6533.0,5533.0,1000.0,0.0,0.0,,1000000000.0,0.0,1000000000.0,0.0,1.0,0.0,
50000008,,,,0,,5,Medium,0,-1,0.322,8.011,11.0,7689.0,6689.0,1000.0,0.0,0.0,,1000000000.0,0.0,1000000000.0,0.0,1.0,0.0,
8,,,,0,,0,Medium,0,-1,0.266,8.022,55.0,7756.0,6756.0,1000.0,0.0,0.0,,1000000000.0,0.0,1000000000.0,0.0,1.0,0.0,
20000008,,,,0,,2,Medium,0,-1,0.577,8.055,22.0,7478.0,6478.0,1000.0,0.0,0.0,,1000000000.0,0.0,1000000000.0,0.0,1.0,0.0,
10000008,,,,0,,1,Medium,0,-1,0.411,8.066,56.0,7655.0,6655.0,1000.0,0.0,0.0,,1000000000.0,0.0,1000000000.0,0.0,1.0,0.0,
40000008,,,,0,,4,Medium,0,-1,0.566,8.144,189.0,7578.0,6578.0,1000.0,0.0,0.0,,1000000000.0,0.0,1000000000.0,0.0,1.0,0.0,
30000008,,,,0,,3,Medium,0,-1,0.844,8.177,200.0,7333.0,6333.0,1000.0,0.0,0.0,,1000000000.0,0.0,1000000000.0,0.0,1.0,0.0,
50000009,,,,0,,5,Medium,0,-1,0.422,9.011,100.0,8589.0,7589.0,1000.0,0.0,0.0,,1000000000.0,0.0,1000000000.0,0.0,1.0,0.0,
9,,,,0,,0,Medium,0,-1,0.4,9.022,134.0,8622.0,7622.0,1000.0,0.0,0.0,,1000000000.0,0.0,1000000000.0,0.0,1.0,0.0,
20000009,,,,0,,2,Medium,0,-1,0.677,9.055,100.0,8378.0,7378.0,1000.0,0.0,0.0,,1000000000.0,0.0,1000000000.0,0.0,1.0,0.0,
10000009,,,,0,,1,Medium,0,-1,0.466,9.066,55.0,8600.0,7600.0,1000.0,0.0,0.0,,1000000000.0,0.0,1000000000.0,0.0,1.0,0.0,
40000009,,,,0,,4,Medium,0,-1,0.622,9.144,56.0,8522.0,7522.0,1000.0,0.0,0.0,,1000000000.0,0.0,1000000000.0,0.0,1.0,0.0,
30000009,,,,0,,3,Medium,0,-1,0.866,9.177,22.0,8311.0,7311.0,1000.0,0.0,0.0,,1000000000.0,0.0,1000000000.0,0.0,1.0,0.0,
50000010,,,,0,,5,Medium,0,-1,0.6,10.011,178.0,9411.0,8411.0,1000.0,0.0,0.0,,1000000000.0,0.0,1000000000.0,0.0,1.0,0.0,
10,,,,0,,0,Medium,0,-1,0.5,10.022,100.0,9522.0,8522.0,1000.0,0.0,0.0,,1000000000.0,0.0,1000000000.0,0.0,1.0,0.0,
20000010,,,,0,,2,Medium,0,-1,0.711,10.055,34.0,9344.0,8344.0,1000.0,0.0,0.0,,1000000000.0,0.0,1000000000.0,0.0,1.0,0.0,
10000010,,,,0,,1,Medium,0,-1,0.477,10.066,11.0,9589.0,8589.0,1000.0,0.0,0.0,,1000000000.0,0.0,1000000000.0,0.0,1.0,0.0,
40000010,,,,0,,4,Medium,0,-1,0.666,10.144,44.0,9478.0,8478.0,1000.0,0.0,0.0,,1000000000.0,0.0,1000000000.0,0.0,1.0,0.0,
30000010,,,,0,,3,Medium,0,-1,1.088,10.177,222.0,9089.0,8089.0,1000.0,0.0,0.0,,1000000000.0,0.0,1000000000.0,0.0,1.0,0.0,
50000011,,,,0,,5,Medium,0,-1,0.688,11.011,88.0,10323.0,9323.0,1000.0,0.0,0.0,,1000000000.0,0.0,1000000000.0,0.0,1.0,0.0,
11,,,,0,,0,Medium,0,-1,0.511,11.022,11.0,10511.0,9511.0,1000.0,0.0,0.0,,1000000000.0,0.0,1000000000.0,0.0,1.0,0.0,
20000011,,,,0,,2,Medium,0,-1,0.8,11.055,89.0,10255.0,9255.0,1000.0,0.0,0.0,,1000000000.0,0.0,1000000000.0,0.0,1.0,0.0,
10000011,,,,0,,1,Medium,0,-1,0.733,11.066,256.0,10333.0,9333.0,1000.0,0.0,0.0,,1000000000.0,0.0,1000000000.0,0.0,1.0,0.0,
40000011,,,,0,,4,Medium,0,-1,0.7,11.144,34.0,10444.0,9444.0,1000.0,0.0,0.0,,1000000000.0,0.0,1000000000.0,0.0,1.0,0.0,
30000011,,,,0,,3,Medium,0,-1,1.1,11.177,12.0,10077.0,9077.0,1000.0,0.0,0.0,,1000000000.0,0.0,1000000000.0,0.0,1.0,0.0,
50000012,,,,0,,5,Medium,0,-1,0.744,12.011,56.0,11267.0,10267.0,1000.0,0.0,0.0,,1000000000.0,0.0,1000000000.0,0.0,1.0,0.0,
12,,,,0,,0,Medium,0,-1,0.533,12.022,22.0,11489.0,10489.0,1000.0,0.0,0.0,,1000000000.0,0.0,1000000000.0,0.0,1.0,0.0,
20000012,,,,0,,2,Medium,0,-1,0.855,12.055,55.0,11200.0,10200.0,1000.0,0.0,0.0,,1000000000.0,0.0,1000000000.0,0.0,1.0,0.0,
10000012,,,,0,,1,Medium,0,-1,0.788,12.066,55.0,11278.0,10278.0,1000.0,0.0,0.0,,1000000000.0,0.0,1000000000.0,0.0,1.0,0.0,
40000012,,,,0,,4,Medium,0,-1,0.722,12.144,22.0,11422.0,10422.0,1000.0,0.0,0.0,,1000000000.0,0.0,1000000000.0,0.0,1.0,0.0,
30000012,,,,0,,3,Medium,0,-1,1.233,12.177,133.0,10944.0,9944.0,1000.0,0.0,0.0,,1000000000.0,0.0,1000000000.0,0.0,1.0,0.0,
50000013,,,,0,,5,Medium,0,-1,0.777,13.011,33.0,12234.0,11234.0,1000.0,0.0,0.0,,1000000000.0,0.0,1000000000.0,0.0,1.0,0.0,
13,,,,0,,0,Medium,0,-1,0.588,13.022,55.0,12434.0,11434.0,1000.0,0.0,0.0,,1000000000.0,0.0,1000000000.0,0.0,1.0,0.0,
20000013,,,,0,,2,Medium,0,-1,0.888,13.055,33.0,12167.0,11167.0,1000.0,0.0,0.0,,1000000000.0,0.0,1000000000.0,0.0,1.0,0.0,
10000013,,,,0,,1,Medium,0,-1,0.822,13.066,34.0,12244.0,11244.0,1000.0,0.0,0.0,,1000000000.0,0.0,1000000000.0,0.0,1.0,0.0,
40000013,,,,0,,4,Medium,0,-1,1.011,13.144,289.0,12133.0,11133.0,1000.0,0.0,0.0,,1000000000.0,0.0,1000000000.0,0.0,1.0,0.0,
30000013,,,,0,,3,Medium,0,-1,1.333,13.177,100.0,11844.0,10844.0,1000.0,0.0,0.0,,1000000000.0,0.0,1000000000.0,0.0,1.0,0.0,
50000014,,,,0,,5,Medium,0,-1,0.877,14.011,100.0,13134.0,12134.0,1000.0,0.0,0.0,,1000000000.0,0.0,1000000000.0,0.0,1.0,0.0,
14,,,,0,,0,Medium,0,-1,0.633,14.022,45.0,13389.0,12389.0,1000.0,0.0,0.0,,1000000000.0,0.0,1000000000.0,0.0,1.0,0.0,
20000014,,,,0,,2,Medium,0,-1,0.911,14.055,23.0,13144.0,12144.0,1000.0,0.0,0.0,,1000000000.0,0.0,1000000000.0,0.0,1.0,0.0,
10000014,,,,0,,1,Medium,0,-1,0.9,14.066,78.0,13166.0,12166.0,1000.0,0.0,0.0,,1000000000.0,0.0,1000000000.0,0.0,1.0,0.0,
40000014,,,,0,,4,Medium,0,-1,1.044,14.144,33.0,13100.0,12100.0,1000.0,0.0,0.0,,1000000000.0,0.0,1000000000.0,0.0,1.0,0.0,
30000014,,,,0,,3,Medium,0,-1,1.344,14.177,11.0,12833.0,11833.0,1000.0,0.0,0.0,,1000000000.0,0.0,1000000000.0,0.0,1.0,0.0,
50000015,,,,0,,5,Medium,0,-1,0.944,15.011,67.0,14067.0,13067.0,1000.0,0.0,0.0,,1000000000.0,0.0,1000000000.0,0.0,1.0,0.0,
15,,,,0,,0,Medium,0,-1,0.655,15.022,22.0,14367.0,13367.0,1000.0,0.0,0.0,,1000000000.0,0.0,1000000000.0,0.0,1.0,0.0,
20000015,,,,0,,2,Medium,0,-1,0.922,15.055,11.0,14133.0,13133.0,1000.0,0.0,0.0,,1000000000.0,0.0,1000000000.0,0.0,1.0,0.0,
10000015,,,,0,,1,Medium,0,-1,0.933,15.066,33.0,14133.0,13133.0,1000.0,0.0,0.0,,1000000000.0,0.0,1000000000.0,0.0,1.0,0.0,
40000015,,,,0,,4,Medium,0,-1,1.144,15.144,100.0,14000.0,13000.0,1000.0,0.0,0.0,,1000000000.0,0.0,1000000000.0,0.0,1.0,0.0,
30000015,,,,0,,3,Medium,0,-1,1.366,15.177,22.0,13811.0,12811.0,1000.0,0.0,0.0,,1000000000.0,0.0,1000000000.0,0.0,1.0,0.0,
50000016,,,,0,,5,Medium,0,-1,0.966,16.011,22.0,15045.0,14045.0,1000.0,0.0,0.0,,1000000000.0,0.0,1000000000.0,0.0,1.0,0.0,
16,,,,0,,0,Medium,0,-1,0.755,16.022,100.0,15267.0,14267.0,1000.0,0.0,0.0,,1000000000.0,0.0,1000000000.0,0.0,1.0,0.0,
20000016,,,,0,,2,Medium,0,-1,0.955,16.055,33.0,15100.0,14100.0,1000.0,0.0,0.0,,1000000000.0,0.0,1000000000.0,0.0,1.0,0.0,
10000016,,,,0,,1,Medium,0,-1,1.033,16.066,100.0,15033.0,14033.0,1000.0,0.0,0.0,,1000000000.0,0.0,1000000000.0,0.0,1.0,0.0,
40000016,,,,0,,4,Medium,0,-1,1.277,16.144,133.0,14867.0,13867.0,1000.0,0.0,0.0,,1000000000.0,0.0,1000000000.0,0.0,1.0,0.0,
30000016,,,,0,,3,Medium,0,-1,1.488,16.177,122.0,14689.0,13689.0,1000.0,0.0,0.0,,1000000000.0,0.0,1000000000.0,0.0,1.0,0.0,
50000017,,,,0,,5,Medium,0,-1,0.977,17.011,11.0,16034.0,15034.0,1000.0,0.0,0.0,,1000000000.0,0.0,1000000000.0,0.0,1.0,0.0,
17,,,,0,,0,Medium,0,-1,0.766,17.022,11.0,16256.0,15256.0,1000.0,0.0,0.0,,1000000000.0,0.0,1000000000.0,0.0,1.0,0.0,
20000017,,,,0,,2,Medium,0,-1,1.111,17.055,156.0,15944.0,14944.0,1000.0,0.0,0.0,,1000000000.0,0.0,1000000000.0,0.0,1.0,0.0,
10000017,,,,0,,1,Medium,0,-1,1.066,17.066,33.0,16000.0,15000.0,1000.0,0.0,0.0,,1000000000.0,0.0,1000000000.0,0.0,1.0,0.0,
40000017,,,,0,,4,Medium,0,-1,1.433,17.144,156.0,15711.0,14711.0,1000.0,0.0,0.0,,1000000000.0,0.0,1000000000.0,0.0,1.0,0.0,
30000017,,,,0,,3,Medium,0,-1,1.511,17.177,23.0,15666.0,14666.0,1000.0,0.0,0.0,,1000000000.0,0.0,1000000000.0,0.0,1.0,0.0,
50000018,,,,0,,5,Medium,0,-1,0.988,18.011,11.0,17023.0,16023.0,1000.0,0.0,0.0,,1000000000.0,0.0,1000000000.0,0.0,1.0,0.0,
18,,,,0,,0,Medium,0,-1,0.811,18.022,45.0,17211.0,16211.0,1000.0,0.0,0.0,,1000000000.0,0.0,1000000000.0,0.0,1.0,0.0,
20000018,,,,0,,2,Medium,0,-1,1.177,18.055,66.0,16878.0,15878.0,1000.0,0.0,0.0,,1000000000.0,0.0,1000000000.0,0.0,1.0,0.0,
10000018,,,,0,,1,Medium,0,-1,1.077,18.066,11.0,16989.0,15989.0,1000.0,0.0,0.0,,1000000000.0,0.0,1000000000.0,0.0,1.0,0.0,
40000018,,,,0,,4,Medium,0,-1,1.444,18.144,11.0,16700.0,15700.0,1000.0,0.0,0.0,,1000000000.0,0.0,1000000000.0,0.0,1.0,0.0,
30000018,,,,0,,3,Medium,0,-1,1.566,18.177,55.0,16611.0,15611.0,1000.0,0.0,0.0,,1000000000.0,0.0,1000000000.0,0.0,1.0,0.0,
50000019,,,,0,,5,Medium,0,-1,1.022,19.011,34.0,17989.0,16989.0,1000.0,0.0,0.0,,1000000000.0,0.0,1000000000.0,0.0,1.0,0.0,
19,,,,0,,0,Medium,0,-1,0.833,19.022,22.0,18189.0,17189.0,1000.0,0.0,0.0,,1000000000.0,0.0,1000000000.0,0.0,1.0,0.0,
20000019,,,,0,,2,Medium,0,-1,1.222,19.055,45.0,17833.0,16833.0,1000.0,0.0,0.0,,1000000000.0,0.0,1000000000.0,0.0,1.0,0.0,
10000019,,,,0,,1,Medium,0,-1,1.155,19.066,78.0,17911.0,16911.0,1000.0,0.0,0.0,,1000000000.0,0.0,1000000000.0,0.0,1.0,0.0,
40000019,,,,0,,4,Medium,0,-1,1.477,19.144,33.0,17667.0,16667.0,1000.0,0.0,0.0,,1000000000.0,0.0,1000000000.0,0.0,1.0,0.0,
30000019,,,,0,,3,Medium,0,-1,1.655,19.177,89.0,17522.0,16522.0,1000.0,0.0,0.0,,1000000000.0,0.0,1000000000.0,0.0,1.0,0.0,
50000020,,,,0,,5,Medium,0,-1,1.055,20.011,33.0,18956.0,17956.0,1000.0,0.0,0.0,,1000000000.0,0.0,1000000000.0,0.0,1.0,0.0,
20,,,,0,,0,Medium,0,-1,1.0,20.022,167.0,19022.0,18022.0,1000.0,0.0,0.0,,1000000000.0,0.0,1000000000.0,0.0,1.0,0.0,
20000020,,,,0,,2,Medium,0,-1,1.244,20.055,22.0,18811.0,17811.0,1000.0,0.0,0.0,,1000000000.0,0.0,1000000000.0,0.0,1.0,0.0,
10000020,,,,0,,1,Medium,0,-1,1.2,20.066,45.0,18866.0,17866.0,1000.0,0.0,0.0,,1000000000.0,0.0,1000000000.0,0.0,1.0,0.0,
40000020,,,,0,,4,Medium,0,-1,1.5,20.144,23.0,18644.0,17644.0,1000.0,0.0,0.0,,1000000000.0,0.0,1000000000.0,0.0,1.0,0.0,
30000020,,,,0,,3,Medium,0,-1,1.688,20.177,33.0,18489.0,17489.0,1000.0,0.0,0.0,,1000000000.0,0.0,1000000000.0,0.0,1.0,0.0,
50000021,,,,0,,5,Medium,0,-1,1.122,21.011,67.0,19889.0,18889.0,1000.0,0.0,0.0,,1000000000.0,0.0,1000000000.0,0.0,1.0,0.0,
21,,,,0,,0,Medium,0,-1,1.188,21.022,188.0,19834.0,18834.0,1000.0,0.0,0.0,,1000000000.0,0.0,1000000000.0,0.0,1.0,0.0,
20000021,,,,0,,2,Medium,0,-1,1.3,21.055,56.0,19755.0,18755.0,1000.0,0.0,0.0,,1000000000.0,0.0,1000000000.0,0.0,1.0,0.0,
10000021,,,,0,,1,Medium,0,-1,1.266,21.066,66.0,19800.0,18800.0,1000.0,0.0,0.0,,1000000000.0,0.0,1000000000.0,0.0,1.0,0.0,
40000021,,,,0,,4,Medium,0,-1,1.555,21.144,55.0,19589.0,18589.0,1000.0,0.0,0.0,,1000000000.0,0.0,1000000000.0,0.0,1.0,0.0,
30000021,,,,0,,3,Medium,0,-1,1.7,21.177,12.0,19477.0,18477.0,1000.0,0.0,0.0,,1000000000.0,0.0,1000000000.0,0.0,1.0,0.0,
50000022,,,,0,,5,Medium,0,-1,1.133,22.011,11.0,20878.0,19878.0,1000.0,0.0,0.0,,1000000000.0,0.0,1000000000.0,0.0,1.0,0.0,
22,,,,0,,0,Medium,0,-1,1.211,22.022,23.0,20811.0,19811.0,1000.0,0.0,0.0,,1000000000.0,0.0,1000000000.0,0.0,1.0,0.0,
20000022,,,,0,,2,Medium,0,-1,1.388,22.055,88.0,20667.0,19667.0,1000.0,0.0,0.0,,1000000000.0,0.0,1000000000.0,0.0,1.0,0.0,
10000022,,,,0,,1,Medium,0,-1,1.311,22.066,45.0,20755.0,19755.0,1000.0,0.0,0.0,,1000000000.0,0.0,1000000000.0,0.0,1.0,0.0,
40000022,,,,0,,4,Medium,0,-1,1.666,22.144,111.0,20478.0,19478.0,1000.0,0.0,0.0,,1000000000.0,0.0,1000000000.0,0.0,1.0,0.0,
30000022,,,,0,,3,Medium,0,-1,1.722,22.177,22.0,20455.0,19455.0,1000.0,0.0,0.0,,1000000000.0,0.0,1000000000.0,0.0,1.0,0.0,
50000023,,,,0,,5,Medium,0,-1,1.166,23.011,33.0,21845.0,20845.0,1000.0,0.0,0.0,,1000000000.0,0.0,1000000000.0,0.0,1.0,0.0,
23,,,,0,,0,Medium,0,-1,1.255,23.022,44.0,21767.0,20767.0,1000.0,0.0,0.0,,1000000000.0,0.0,1000000000.0,0.0,1.0,0.0,
20000023,,,,0,,2,Medium,0,-1,1.455,23.055,67.0,21600.0,20600.0,1000.0,0.0,0.0,,1000000000.0,0.0,1000000000.0,0.0,1.0,0.0,
10000023,,,,0,,1,Medium,0,-1,1.377,23.066,66.0,21689.0,20689.0,1000.0,0.0,0.0,,1000000000.0,0.0,1000000000.0,0.0,1.0,0.0,
40000023,,,,0,,4,Medium,0,-1,1.711,23.144,45.0,21433.0,20433.0,1000.0,0.0,0.0,,1000000000.0,0.0,1000000000.0,0.0,1.0,0.0,
30000023,,,,0,,3,Medium,0,-1,1.888,23.177,166.0,21289.0,20289.0,1000.0,0.0,0.0,,1000000000.0,0.0,1000000000.0,0.0,1.0,0.0,
50000024,,,,0,,5,Medium,0,-1,1.288,24.011,122.0,22723.0,21723.0,1000.0,0.0,0.0,,1000000000.0,0.0,1000000000.0,0.0,1.0,0.0,
24,,,,0,,0,Medium,0,-1,1.577,24.022,322.0,22445.0,21445.0,1000.0,0.0,0.0,,1000000000.0,0.0,1000000000.0,0.0,1.0,0.0,
20000024,,,,0,,2,Medium,0,-1,1.522,24.055,67.0,22533.0,21533.0,1000.0,0.0,0.0,,1000000000.0,0.0,1000000000.0,0.0,1.0,0.0,
10000024,,,,0,,1,Medium,0,-1,1.4,24.066,23.0,22666.0,21666.0,1000.0,0.0,0.0,,1000000000.0,0.0,1000000000.0,0.0,1.0,0.0,
40000024,,,,0,,4,Medium,0,-1,1.733,24.144,22.0,22411.0,21411.0,1000.0,0.0,0.0,,1000000000.0,0.0,1000000000.0,0.0,1.0,0.0,
30000024,,,,0,,3,Medium,0,-1,1.911,24.177,23.0,22266.0,21266.0,1000.0,0.0,0.0,,1000000000.0,0.0,1000000000.0,0.0,1.0,0.0,
50000025,,,,0,,5,Medium,0,-1,1.322,25.011,34.0,23689.0,22689.0,1000.0,0.0,0.0,,1000000000.0,0.0,1000000000.0,0.0,1.0,0.0,
25,,,,0,,0,Medium,0,-1,1.588,25.022,11.0,23434.0,22434.0,1000.0,0.0,0.0,,1000000000.0,0.0,1000000000.0,0.0,1.0,0.0,
20000025,,,,0,,2,Medium,0,-1,1.744,25.055,222.0,23311.0,22311.0,1000.0,0.0,0.0,,1000000000.0,0.0,1000000000.0,0.0,1.0,0.0,
10000025,,,,0,,1,Medium,0,-1,1.411,25.066,11.0,23655.0,22655.0,1000.0,0.0,0.0,,1000000000.0,0.0,1000000000.0,0.0,1.0,0.0,
40000025,,,,0,,4,Medium,0,-1,1.755,25.144,22.0,23389.0,22389.0,1000.0,0.0,0.0,,1000000000.0,0.0,1000000000.0,0.0,1.0,0.0,
30000025,,,,0,,3,Medium,0,-1,2.166,25.177,255.0,23011.0,22011.0,1000.0,0.0,0.0,,1000000000.0,0.0,1000000000.0,0.0,1.0,0.0,
50000026,,,,0,,5,Medium,0,-1,1.355,26.011,33.0,24656.0,23656.0,1000.0,0.0,0.0,,1000000000.0,0.0,1000000000.0,0.0,1.0,0.0,
26,,,,0,,0,Medium,0,-1,1.6,26.022,12.0,24422.0,23422.0,1000.0,0.0,0.0,,1000000000.0,0.0,1000000000.0,0.0,1.0,0.0,
20000026,,,,0,,2,Medium,0,-1,1.833,26.055,89.0,24222.0,23222.0,1000.0,0.0,0.0,,1000000000.0,0.0,1000000000.0,0.0,1.0,0.0,
10000026,,,,0,,1,Medium,0,-1,1.533,26.066,122.0,24533.0,23533.0,1000.0,0.0,0.0,,1000000000.0,0.0,1000000000.0,0.0,1.0,0.0,
40000026,,,,0,,4,Medium,0,-1,1.822,26.144,67.0,24322.0,23322.0,1000.0,0.0,0.0,,1000000000.0,0.0,1000000000.0,0.0,1.0,0.0,
30000026,,,,0,,3,Medium,0,-1,2.3,26.177,134.0,23877.0,22877.0,1000.0,0.0,0.0,,1000000000.0,0.0,1000000000.0,0.0,1.0,0.0,
50000027,,,,0,,5,Medium,0,-1,1.422,27.011,67.0,25589.0,24589.0,1000.0,0.0,0.0,,1000000000.0,0.0,1000000000.0,0.0,1.0,0.0,
27,,,,0,,0,Medium,0,-1,1.677,27.022,77.0,25345.0,24345.0,1000.0,0.0,0.0,,1000000000.0,0.0,1000000000.0,0.0,1.0,0.0,
20000027,,,,0,,2,Medium,0,-1,1.855,27.055,22.0,25200.0,24200.0,1000.0,0.0,0.0,,1000000000.0,0.0,1000000000.0,0.0,1.0,0.0,
10000027,,,,0,,1,Medium,0,-1,1.544,27.066,11.0,25522.0,24522.0,1000.0,0.0,0.0,,1000000000.0,0.0,1000000000.0,0.0,1.0,0.0,
40000027,,,,0,,4,Medium,0,-1,1.966,27.144,144.0,25178.0,24178.0,1000.0,0.0,0.0,,1000000000.0,0.0,1000000000.0,0.0,1.0,0.0,
30000027,,,,0,,3,Medium,0,-1,2.366,27.177,66.0,24811.0,23811.0,1000.0,0.0,0.0,,1000000000.0,0.0,1000000000.0,0.0,1.0,0.0,
50000028,,,,0,,5,Medium,0,-1,1.466,28.011,44.0,26545.0,25545.0,1000.0,0.0,0.0,,1000000000.0,0.0,1000000000.0,0.0,1.0,0.0,
28,,,,0,,0,Medium,0,-1,1.766,28.022,89.0,26256.0,25256.0,1000.0,0.0,0.0,,1000000000.0,0.0,1000000000.0,0.0,1.0,0.0,
20000028,,,,0,,2,Medium,0,-1,1.877,28.055,22.0,26178.0,25178.0,1000.0,0.0,0.0,,1000000000.0,0.0,1000000000.0,0.0,1.0,0.0,
10000028,,,,0,,1,Medium,0,-1,1.611,28.066,67.0,26455.0,25455.0,1000.0,0.0,0.0,,1000000000.0,0.0,1000000000.0,0.0,1.0,0.0,
40000028,,,,0,,4,Medium,0,-1,1.988,28.144,22.0,26156.0,25156.0,1000.0,0.0,0.0,,1000000000.0,0.0,1000000000.0,0.0,1.0,0.0,
30000028,,,,0,,3,Medium,0,-1,2.433,28.177,67.0,25744.0,24744.0,1000.0,0.0,0.0,,1000000000.0,0.0,1000000000.0,0.0,1.0,0.0,
50000029,,,,0,,5,Medium,0,-1,1.622,29.011,156.0,27389.0,26389.0,1000.0,0.0,0.0,,1000000000.0,0.0,1000000000.0,0.0,1.0,0.0,
29,,,,0,,0,Medium,0,-1,1.8,29.022,34.0,27222.0,26222.0,1000.0,0.0,0.0,,1000000000.0,0.0,1000000000.0,0.0,1.0,0.0,
20000029,,,,0,,2,Medium,0,-1,1.955,29.055,78.0,27100.0,26100.0,1000.0,0.0,0.0,,1000000000.0,0.0,1000000000.0,0.0,1.0,0.0,
10000029,,,,0,,1,Medium,0,-1,1.633,29.066,22.0,27433.0,26433.0,1000.0,0.0,0.0,,1000000000.0,0.0,1000000000.0,0.0,1.0,0.0,
40000029,,,,0,,4,Medium,0,-1,2.044,29.144,56.0,27100.0,26100.0,1000.0,0.0,0.0,,1000000000.0,0.0,1000000000.0,0.0,1.0,0.0,
30000029,,,,0,,3,Medium,0,-1,2.522,29.177,89.0,26655.0,25655.0,1000.0,0.0,0.0,,1000000000.0,0.0,1000000000.0,0.0,1.0,0.0,
50000030,,,,0,,5,Medium,0,-1,1.644,30.011,22.0,28367.0,27367.0,1000.0,0.0,0.0,,1000000000.0,0.0,1000000000.0,0.0,1.0,0.0,
30,,,,0,,0,Medium,0,-1,1.866,30.022,66.0,28156.0,27156.0,1000.0,0.0,0.0,,1000000000.0,0.0,1000000000.0,0.0,1.0,0.0,
20000030,,,,0,,2,Medium,0,-1,2.022,30.055,67.0,28033.0,27033.0,1000.0,0.0,0.0,,1000000000.0,0.0,1000000000.0,0.0,1.0,0.0,
10000030,,,,0,,1,Medium,0,-1,1.9,30.066,267.0,28166.0,27166.0,1000.0,0.0,0.0,,1000000000.0,0.0,1000000000.0,0.0,1.0,0.0,
40000030,,,,0,,4,Medium,0,-1,2.055,30.144,11.0,28089.0,27089.0,1000.0,0.0,0.0,,1000000000.0,0.0,1000000000.0,0.0,1.0,0.0,
30000030,,,,0,,3,Medium,0,-1,2.566,30.177,44.0,27611.0,26611.0,1000.0,0.0,0.0,,1000000000.0,0.0,1000000000.0,0.0,1.0,0.0,
50000031,,,,0,,5,Medium,0,-1,1.777,31.011,133.0,29234.0,28234.0,1000.0,0.0,0.0,,1000000000.0,0.0,1000000000.0,0.0,1.0,0.0,
31,,,,0,,0,Medium,0,-1,1.922,31.022,56.0,29100.0,28100.0,1000.0,0.0,0.0,,1000000000.0,0.0,1000000000.0,0.0,1.0,0.0,
20000031,,,,0,,2,Medium,0,-1,2.088,31.055,66.0,28967.0,27967.0,1000.0,0.0,0.0,,1000000000.0,0.0,1000000000.0,0.0,1.0,0.0,
10000031,,,,0,,1,Medium,0,-1,1.977,31.066,77.0,29089.0,28089.0,1000.0,0.0,0.0,,1000000000.0,0.0,1000000000.0,0.0,1.0,0.0,
40000031,,,,0,,4,Medium,0,-1,2.111,31.144,56.0,29033.0,28033.0,1000.0,0.0,0.0,,1000000000.0,0.0,1000000000.0,0.0,1.0,0.0,
30000031,,,,0,,3,Medium,0,-1,2.588,31.177,22.0,28589.0,27589.0,1000.0,0.0,0.0,,1000000000.0,0.0,1000000000.0,0.0,1.0,0.0,
50000032,,,,0,,5,Medium,0,-1,1.788,32.011,11.0,30223.0,29223.0,1000.0,0.0,0.0,,1000000000.0,0.0,1000000000.0,0.0,1.0,0.0,
32,,,,0,,0,Medium,0,-1,2.0,32.022,78.0,30022.0,29022.0,1000.0,0.0,0.0,,1000000000.0,0.0,1000000000.0,0.0,1.0,0.0,
20000032,,,,0,,2,Medium,0,-1,2.155,32.055,67.0,29900.0,28900.0,1000.0,0.0,0.0,,1000000000.0,0.0,1000000000.0,0.0,1.0,0.0,
10000032,,,,0,,1,Medium,0,-1,2.066,32.066,89.0,30000.0,29000.0,1000.0,0.0,0.0,,1000000000.0,0.0,1000000000.0,0.0,1.0,0.0,
40000032,,,,0,,4,Medium,0,-1,2.122,32.144,11.0,30022.0,29022.0,1000.0,0.0,0.0,,1000000000.0,0.0,1000000000.0,0.0,1.0,0.0,
30000032,,,,0,,3,Medium,0,-1,2.877,32.177,289.0,29300.0,28300.0,1000.0,0.0,0.0,,1000000000.0,0.0,1000000000.0,0.0,1.0,0.0,
50000033,,,,0,,5,Medium,0,-1,1.811,33.011,23.0,31200.0,30200.0,1000.0,0.0,0.0,,1000000000.0,0.0,1000000000.0,0.0,1.0,0.0,
33,,,,0,,0,Medium,0,-1,2.133,33.022,133.0,30889.0,29889.0,1000.0,0.0,0.0,,1000000000.0,0.0,1000000000.0,0.0,1.0,0.0,
20000033,,,,0,,2,Medium,0,-1,2.2,33.055,45.0,30855.0,29855.0,1000.0,0.0,0.0,,1000000000.0,0.0,1000000000.0,0.0,1.0,0.0,
10000033,,,,0,,1,Medium,0,-1,2.077,33.066,11.0,30989.0,29989.0,1000.0,0.0,0.0,,1000000000.0,0.0,1000000000.0,0.0,1.0,0.0,
40000033,,,,0,,4,Medium,0,-1,2.144,33.144,22.0,31000.0,30000.0,1000.0,0.0,0.0,,1000000000.0,0.0,1000000000.0,0.0,1.0,0.0,
30000033,,,,0,,3,Medium,0,-1,2.955,33.177,78.0,30222.0,29222.0,1000.0,0.0,0.0,,1000000000.0,0.0,1000000000.0,0.0,1.0,0.0,
50000034,,,,0,,5,Medium,0,-1,1.844,34.011,33.0,32167.0,31167.0,1000.0,0.0,0.0,,1000000000.0,0.0,1000000000.0,0.0,1.0,0.0,
34,,,,0,,0,Medium,0,-1,2.177,34.022,44.0,31845.0,30845.0,1000.0,0.0,0.0,,1000000000.0,0.0,1000000000.0,0.0,1.0,0.0,
20000034,,,,0,,2,Medium,0,-1,2.211,34.055,11.0,31844.0,30844.0,1000.0,0.0,0.0,,1000000000.0,0.0,1000000000.0,0.0,1.0,0.0,
10000034,,,,0,,1,Medium,0,-1,2.1,34.066,23.0,31966.0,30966.0,1000.0,0.0,0.0,,1000000000.0,0.0,1000000000.0,0.0,1.0,0.0,
40000034,,,,0,,4,Medium,0,-1,2.255,34.144,111.0,31889.0,30889.0,1000.0,0.0,0.0,,1000000000.0,0.0,1000000000.0,0.0,1.0,0.0,
30000034,,,,0,,3,Medium,0,-1,2.977,34.177,22.0,31200.0,30200.0,1000.0,0.0,0.0,,1000000000.0,0.0,1000000000.0,0.0,1.0,0.0,
50000035,,,,0,,5,Medium,0,-1,1.933,35.011,89.0,33078.0,32078.0,1000.0,0.0,0.0,,1000000000.0,0.0,1000000000.0,0.0,1.0,0.0,
35,,,,0,,0,Medium,0,-1,2.188,35.022,11.0,32834.0,31834.0,1000.0,0.0,0.0,,1000000000.0,0.0,1000000000.0,0.0,1.0,0.0,
20000035,,,,0,,2,Medium,0,-1,2.4,35.055,189.0,32655.0,31655.0,1000.0,0.0,0.0,,1000000000.0,0.0,1000000000.0,0.0,1.0,0.0,
10000035,,,,0,,1,Medium,0,-1,2.222,35.066,122.0,32844.0,31844.0,1000.0,0.0,0.0,,1000000000.0,0.0,1000000000.0,0.0,1.0,0.0,
40000035,,,,0,,4,Medium,0,-1,2.322,35.144,67.0,32822.0,31822.0,1000.0,0.0,0.0,,1000000000.0,0.0,1000000000.0,0.0,1.0,0.0,
30000035,,,,0,,3,Medium,0,-1,2.988,35.177,11.0,32189.0,31189.0,1000.0,0.0,0.0,,1000000000.0,0.0,1000000000.0,0.0,1.0,0.0,
50000036,,,,0,,5,Medium,0,-1,1.944,36.011,11.0,34067.0,33067.0,1000.0,0.0,0.0,,1000000000.0,0.0,1000000000.0,0.0,1.0,0.0,
36,,,,0,,0,Medium,0,-1,2.233,36.022,45.0,33789.0,32789.0,1000.0,0.0,0.0,,1000000000.0,0.0,1000000000.0,0.0,1.0,0.0,
20000036,,,,0,,2,Medium,0,-1,2.511,36.055,111.0,33544.0,32544.0,1000.0,0.0,0.0,,1000000000.0,0.0,1000000000.0,0.0,1.0,0.0,
10000036,,,,0,,1,Medium,0,-1,2.244,36.066,22.0,33822.0,32822.0,1000.0,0.0,0.0,,1000000000.0,0.0,1000000000.0,0.0,1.0,0.0,
40000036,,,,0,,4,Medium,0,-1,2.377,36.144,55.0,33767.0,32767.0,1000.0,0.0,0.0,,1000000000.0,0.0,1000000000.0,0.0,1.0,0.0,
30000036,,,,0,,3,Medium,0,-1,3.044,36.177,56.0,33133.0,32133.0,1000.0,0.0,0.0,,1000000000.0,0.0,1000000000.0,0.0,1.0,0.0,
50000037,,,,0,,5,Medium,0,-1,2.011,37.011,67.0,35000.0,34000.0,1000.0,0.0,0.0,,1000000000.0,0.0,1000000000.0,0.0,1.0,0.0,
37,,,,0,,0,Medium,0,-1,2.266,37.022,33.0,34756.0,33756.0,1000.0,0.0,0.0,,1000000000.0,0.0,1000000000.0,0.0,1.0,0.0,
20000037,,,,0,,2,Medium,0,-1,2.555,37.055,44.0,34500.0,33500.0,1000.0,0.0,0.0,,1000000000.0,0.0,1000000000.0,0.0,1.0,0.0,
10000037,,,,0,,1,Medium,0,-1,2.333,37.066,89.0,34733.0,33733.0,1000.0,0.0,0.0,,1000000000.0,0.0,1000000000.0,0.0,1.0,0.0,
40000037,,,,0,,4,Medium,0,-1,2.411,37.144,34.0,34733.0,33733.0,1000.0,0.0,0.0,,1000000000.0,0.0,1000000000.0,0.0,1.0,0.0,
30000037,,,,0,,3,Medium,0,-1,3.066,37.177,22.0,34111.0,33111.0,1000.0,0.0,0.0,,1000000000.0,0.0,1000000000.0,0.0,1.0,0.0,
50000038,,,,0,,5,Medium,0,-1,2.033,38.011,22.0,35978.0,34978.0,1000.0,0.0,0.0,,1000000000.0,0.0,1000000000.0,0.0,1.0,0.0,
38,,,,0,,0,Medium,0,-1,2.277,38.022,11.0,35745.0,34745.0,1000.0,0.0,0.0,,1000000000.0,0.0,1000000000.0,0.0,1.0,0.0,
20000038,,,,0,,2,Medium,0,-1,2.644,38.055,89.0,35411.0,34411.0,1000.0,0.0,0.0,,1000000000.0,0.0,1000000000.0,0.0,1.0,0.0,
10000038,,,,0,,1,Medium,0,-1,2.344,38.066,11.0,35722.0,34722.0,1000.0,0.0,0.0,,1000000000.0,0.0,1000000000.0,0.0,1.0,0.0,
40000038,,,,0,,4,Medium,0,-1,2.422,38.144,11.0,35722.0,34722.0,1000.0,0.0,0.0,,1000000000.0,0.0,1000000000.0,0.0,1.0,0.0,
30000038,,,,0,,3,Medium,0,-1,3.077,38.177,11.0,35100.0,34100.0,1000.0,0.0,0.0,,1000000000.0,0.0,1000000000.0,0.0,1.0,0.0,
50000039,,,,0,,5,Medium,0,-1,2.288,39.011,255.0,36723.0,35723.0,1000.0,0.0,0.0,,1000000000.0,0.0,1000000000.0,0.0,1.0,0.0,
39,,,,0,,0,Medium,0,-1,2.311,39.022,34.0,36711.0,35711.0,1000.0,0.0,0.0,,1000000000.0,0.0,1000000000.0,0.0,1.0,0.0,
20000039,,,,0,,2,Medium,0,-1,2.811,39.055,167.0,36244.0,35244.0,1000.0,0.0,0.0,,1000000000.0,0.0,1000000000.0,0.0,1.0,0.0,
10000039,,,,0,,1,Medium,0,-1,2.388,39.066,44.0,36678.0,35678.0,1000.0,0.0,0.0,,1000000000.0,0.0,1000000000.0,0.0,1.0,0.0,
40000039,,,,0,,4,Medium,0,-1,2.455,39.144,33.0,36689.0,35689.0,1000.0,0.0,0.0,,1000000000.0,0.0,1000000000.0,0.0,1.0,0.0,
30000039,,,,0,,3,Medium,0,-1,3.088,39.177,11.0,36089.0,35089.0,1000.0,0.0,0.0,,1000000000.0,0.0,1000000000.0,0.0,1.0,0.0,
50000040,,,,0,,5,Medium,0,-1,2.355,40.011,67.0,37656.0,36656.0,1000.0,0.0,0.0,,1000000000.0,0.0,1000000000.0,0.0,1.0,0.0,
40,,,,0,,0,Medium,0,-1,2.6,40.022,289.0,37422.0,36422.0,1000.0,0.0,0.0,,1000000000.0,0.0,1000000000.0,0.0,1.0,0.0,
20000040,,,,0,,2,Medium,0,-1,2.855,40.055,44.0,37200.0,36200.0,1000.0,0.0,0.0,,1000000000.0,0.0,1000000000.0,0.0,1.0,0.0,
10000040,,,,0,,1,Medium,0,-1,2.444,40.066,56.0,37622.0,36622.0,1000.0,0.0,0.0,,1000000000.0,0.0,1000000000.0,0.0,1.0,0.0,
40000040,,,,0,,4,Medium,0,-1,2.577,40.144,122.0,37567.0,36567.0,1000.0,0.0,0.0,,1000000000.0,0.0,1000000000.0,0.0,1.0,0.0,
30000040,,,,0,,3,Medium,0,-1,3.177,40.177,89.0,37000.0,36000.0,1000.0,0.0,0.0,,1000000000.0,0.0,1000000000.0,0.0,1.0,0.0,
50000041,,,,0,,5,Medium,0,-1,2.466,41.011,111.0,38545.0,37545.0,1000.0,0.0,0.0,,1000000000.0,0.0,1000000000.0,0.0,1.0,0.0,
41,,,,0,,0,Medium,0,-1,2.633,41.022,33.0,38389.0,37389.0,1000.0,0.0,0.0,,1000000000.0,0.0,1000000000.0,0.0,1.0,0.0,
20000041,,,,0,,2,Medium,0,-1,3.055,41.055,200.0,38000.0,37000.0,1000.0,0.0,0.0,,1000000000.0,0.0,1000000000.0,0.0,1.0,0.0,
10000041,,,,0,,1,Medium,0,-1,2.488,41.066,44.0,38578.0,37578.0,1000.0,0.0,0.0,,1000000000.0,0.0,1000000000.0,0.0,1.0,0.0,
40000041,,,,0,,4,Medium,0,-1,2.666,41.144,89.0,38478.0,37478.0,1000.0,0.0,0.0,,1000000000.0,0.0,1000000000.0,0.0,1.0,0.0,
30000041,,,,0,,3,Medium,0,-1,3.266,41.177,89.0,37911.0,36911.0,1000.0,0.0,0.0,,1000000000.0,0.0,1000000000.0,0.0,1.0,0.0,
50000042,,,,0,,5,Medium,0,-1,2.477,42.011,11.0,39534.0,38534.0,1000.0,0.0,0.0,,1000000000.0,0.0,1000000000.0,0.0,1.0,0.0,
42,,,,0,,0,Medium,0,-1,2.655,42.022,22.0,39367.0,38367.0,1000.0,0.0,0.0,,1000000000.0,0.0,1000000000.0,0.0,1.0,0.0,
20000042,,,,0,,2,Medium,0,-1,3.2,42.055,145.0,38855.0,37855.0,1000.0,0.0,0.0,,1000000000.0,0.0,1000000000.0,0.0,1.0,0.0,
10000042,,,,0,,1,Medium,0,-1,2.611,42.066,123.0,39455.0,38455.0,1000.0,0.0,0.0,,1000000000.0,0.0,1000000000.0,0.0,1.0,0.0,
40000042,,,,0,,4,Medium,0,-1,2.677,42.144,11.0,39467.0,38467.0,1000.0,0.0,0.0,,1000000000.0,0.0,1000000000.0,0.0,1.0,0.0,
30000042,,,,0,,3,Medium,0,-1,3.288,42.177,22.0,38889.0,37889.0,1000.0,0.0,0.0,,1000000000.0,0.0,1000000000.0,0.0,1.0,0.0,
50000043,,,,0,,5,Medium,0,-1,2.5,43.011,23.0,40511.0,39511.0,1000.0,0.0,0.0,,1000000000.0,0.0,1000000000.0,0.0,1.0,0.0,
43,,,,0,,0,Medium,0,-1,2.722,43.022,67.0,40300.0,39300.0,1000.0,0.0,0.0,,1000000000.0,0.0,1000000000.0,0.0,1.0,0.0,
20000043,,,,0,,2,Medium,0,-1,3.311,43.055,111.0,39744.0,38744.0,1000.0,0.0,0.0,,1000000000.0,0.0,1000000000.0,0.0,1.0,0.0,
10000043,,,,0,,1,Medium,0,-1,2.622,43.066,11.0,40444.0,39444.0,1000.0,0.0,0.0,,1000000000.0,0.0,1000000000.0,0.0,1.0,0.0,
40000043,,,,0,,4,Medium,0,-1,2.7,43.144,23.0,40444.0,39444.0,1000.0,0.0,0.0,,1000000000.0,0.0,1000000000.0,0.0,1.0,0.0,
30000043,,,,0,,3,Medium,0,-1,3.322,43.177,34.0,39855.0,38855.0,1000.0,0.0,0.0,,1000000000.0,0.0,1000000000.0,0.0,1.0,0.0,
50000044,,,,0,,5,Medium,0,-1,2.533,44.011,33.0,41478.0,40478.0,1000.0,0.0,0.0,,1000000000.0,0.0,1000000000.0,0.0,1.0,0.0,
44,,,,0,,0,Medium,0,-1,2.733,44.022,11.0,41289.0,40289.0,1000.0,0.0,0.0,,1000000000.0,0.0,1000000000.0,0.0,1.0,0.0,
20000044,,,,0,,2,Medium,0,-1,3.577,44.055,266.0,40478.0,39478.0,1000.0,0.0,0.0,,1000000000.0,0.0,1000000000.0,0.0,1.0,0.0,
10000044,,,,0,,1,Medium,0,-1,2.688,44.066,66.0,41378.0,40378.0,1000.0,0.0,0.0,,1000000000.0,0.0,1000000000.0,0.0,1.0,0.0,
40000044,,,,0,,4,Medium,0,-1,2.833,44.144,133.0,41311.0,40311.0,1000.0,0.0,0.0,,1000000000.0,0.0,1000000000.0,0.0,1.0,0.0,
30000044,,,,0,,3,Medium,0,-1,3.355,44.177,33.0,40822.0,39822.0,1000.0,0.0,0.0,,1000000000.0,0.0,1000000000.0,0.0,1.0,0.0,
50000045,,,,0,,5,Medium,0,-1,2.544,45.011,11.0,42467.0,41467.0,1000.0,0.0,0.0,,1000000000.0,0.0,1000000000.0,0.0,1.0,0.0,
45,,,,0,,0,Medium,0,-1,2.766,45.022,33.0,42256.0,41256.0,1000.0,0.0,0.0,,1000000000.0,0.0,1000000000.0,0.0,1.0,0.0,
20000045,,,,0,,2,Medium,0,-1,3.6,45.055,23.0,41455.0,40455.0,1000.0,0.0,0.0,,1000000000.0,0.0,1000000000.0,0.0,1.0,0.0,
10000045,,,,0,,1,Medium,0,-1,2.711,45.066,23.0,42355.0,41355.0,1000.0,0.0,0.0,,1000000000.0,0.0,1000000000.0,0.0,1.0,0.0,
40000045,,,,0,,4,Medium,0,-1,2.9,45.144,67.0,42244.0,41244.0,1000.0,0.0,0.0,,1000000000.0,0.0,1000000000.0,0.0,1.0,0.0,
30000045,,,,0,,3,Medium,0,-1,3.466,45.177,111.0,41711.0,40711.0,1000.0,0.0,0.0,,1000000000.0,0.0,1000000000.0,0.0,1.0,0.0,
50000046,,,,0,,5,Medium,0,-1,2.744,46.011,200.0,43267.0,42267.0,1000.0,0.0,0.0,,1000000000.0,0.0,1000000000.0,0.0,1.0,0.0,
46,,,,0,,0,Medium,0,-1,2.788,46.022,22.0,43234.0,42234.0,1000.0,0.0,0.0,,1000000000.0,0.0,1000000000.0,0.0,1.0,0.0,
20000046,,,,0,,2,Medium,0,-1,3.711,46.055,111.0,42344.0,41344.0,1000.0,0.0,0.0,,1000000000.0,0.0,1000000000.0,0.0,1.0,0.0,
10000046,,,,0,,1,Medium,0,-1,2.777,46.066,66.0,43289.0,42289.0,1000.0,0.0,0.0,,1000000000.0,0.0,1000000000.0,0.0,1.0,0.0,
40000046,,,,0,,4,Medium,0,-1,2.933,46.144,33.0,43211.0,42211.0,1000.0,0.0,0.0,,1000000000.0,0.0,1000000000.0,0.0,1.0,0.0,
30000046,,,,0,,3,Medium,0,-1,3.477,46.177,11.0,42700.0,41700.0,1000.0,0.0,0.0,,1000000000.0,0.0,1000000000.0,0.0,1.0,0.0,
50000047,,,,0,,5,Medium,0,-1,2.755,47.011,11.0,44256.0,43256.0,1000.0,0.0,0.0,,1000000000.0,0.0,1000000000.0,0.0,1.0,0.0,
47,,,,0,,0,Medium,0,-1,2.8,47.022,12.0,44222.0,43222.0,1000.0,0.0,0.0,,1000000000.0,0.0,1000000000.0,0.0,1.0,0.0,
20000047,,,,0,,2,Medium,0,-1,3.8,47.055,89.0,43255.0,42255.0,1000.0,0.0,0.0,,1000000000.0,0.0,1000000000.0,0.0,1.0,0.0,
10000047,,,,0,,1,Medium,0,-1,2.844,47.066,67.0,44222.0,43222.0,1000.0,0.0,0.0,,1000000000.0,0.0,1000000000.0,0.0,1.0,0.0,
40000047,,,,0,,4,Medium,0,-1,2.944,47.144,11.0,44200.0,43200.0,1000.0,0.0,0.0,,1000000000.0,0.0,1000000000.0,0.0,1.0,0.0,
30000047,,,,0,,3,Medium,0,-1,3.488,47.177,11.0,43689.0,42689.0,1000.0,0.0,0.0,,1000000000.0,0.0,1000000000.0,0.0,1.0,0.0,
50000048,,,,0,,5,Medium,0,-1,2.866,48.011,111.0,45145.0,44145.0,1000.0,0.0,0.0,,1000000000.0,0.0,1000000000.0,0.0,1.0,0.0,
48,,,,0,,0,Medium,0,-1,2.822,48.022,22.0,45200.0,44200.0,1000.0,0.0,0.0,,1000000000.0,0.0,1000000000.0,0.0,1.0,0.0,
20000048,,,,0,,2,Medium,0,-1,4.144,48.055,344.0,43911.0,42911.0,1000.0,0.0,0.0,,1000000000.0,0.0,1000000000.0,0.0,1.0,0.0,
10000048,,,,0,,1,Medium,0,-1,2.888,48.066,44.0,45178.0,44178.0,1000.0,0.0,0.0,,1000000000.0,0.0,1000000000.0,0.0,1.0,0.0,
40000048,,,,0,,4,Medium,0,-1,3.255,48.144,311.0,44889.0,43889.0,1000.0,0.0,0.0,,1000000000.0,0.0,1000000000.0,0.0,1.0,0.0,
30000048,,,,0,,3,Medium,0,-1,3.511,48.177,23.0,44666.0,43666.0,1000.0,0.0,0.0,,1000000000.0,0.0,1000000000.0,0.0,1.0,0.0,
50000049,,,,0,,5,Medium,0,-1,2.922,49.011,56.0,46089.0,45089.0,1000.0,0.0,0.0,,1000000000.0,0.0,1000000000.0,0.0,1.0,0.0,
49,,,,0,,0,Medium,0,-1,3.011,49.022,189.0,46011.0,45011.0,1000.0,0.0,0.0,,1000000000.0,0.0,1000000000.0,0.0,1.0,0.0,
20000049,,,,0,,2,Medium,0,-1,4.155,49.055,11.0,44900.0,43900.0,1000.0,0.0,0.0,,1000000000.0,0.0,1000000000.0,0.0,1.0,0.0,
10000049,,,,0,,1,Medium,0,-1,2.911,49.066,23.0,46155.0,45155.0,1000.0,0.0,0.0,,1000000000.0,0.0,1000000000.0,0.0,1.0,0.0,
40000049,,,,0,,4,Medium,0,-1,3.366,49.144,111.0,45778.0,44778.0,1000.0,0.0,0.0,,1000000000.0,0.0,1000000000.0,0.0,1.0,0.0,
30000049,,,,0,,3,Medium,0,-1,3.544,49.177,33.0,45633.0,44633.0,1000.0,0.0,0.0,,1000000000.0,0.0,1000000000.0,0.0,1.0,0.0,
50000050,,,,0,,5,Medium,0,-1,3.033,50.011,111.0,46978.0,45978.0,1000.0,0.0,0.0,,1000000000.0,0.0,1000000000.0,0.0,1.0,0.0,
50,,,,0,,0,Medium,0,-1,3.022,50.022,11.0,47000.0,46000.0,1000.0,0.0,0.0,,1000000000.0,0.0,1000000000.0,0.0,1.0,0.0,
20000050,,,,0,,2,Medium,0,-1,4.2,50.055,45.0,45855.0,44855.0,1000.0,0.0,0.0,,1000000000.0,0.0,1000000000.0,0.0,1.0,0.0,
10000050,,,,0,,1,Medium,0,-1,2.966,50.066,55.0,47100.0,46100.0,1000.0,0.0,0.0,,1000000000.0,0.0,1000000000.0,0.0,1.0,0.0,
40000050,,,,0,,4,Medium,0,-1,3.411,50.144,45.0,46733.0,45733.0,1000.0,0.0,0.0,,1000000000.0,0.0,1000000000.0,0.0,1.0,0.0,
30000050,,,,0,,3,Medium,0,-1,3.566,50.177,22.0,46611.0,45611.0,1000.0,0.0,0.0,,1000000000.0,0.0,1000000000.0,0.0,1.0,0.0,
50000051,,,,0,,5,Medium,0,-1,3.1,51.011,67.0,47911.0,46911.0,1000.0,0.0,0.0,,1000000000.0,0.0,1000000000.0,0.0,1.0,0.0,
51,,,,0,,0,Medium,0,-1,3.111,51.022,89.0,47911.0,46911.0,1000.0,0.0,0.0,,1000000000.0,0.0,1000000000.0,0.0,1.0,0.0,
20000051,,,,0,,2,Medium,0,-1,4.222,51.055,22.0,46833.0,45833.0,1000.0,0.0,0.0,,1000000000.0,0.0,1000000000.0,0.0,1.0,0.0,
10000051,,,,0,,1,Medium,0,-1,3.0,51.066,34.0,48066.0,47066.0,1000.0,0.0,0.0,,1000000000.0,0.0,1000000000.0,0.0,1.0,0.0,
40000051,,,,0,,4,Medium,0,-1,3.644,51.144,233.0,47500.0,46500.0,1000.0,0.0,0.0,,1000000000.0,0.0,1000000000.0,0.0,1.0,0.0,
30000051,,,,0,,3,Medium,0,-1,3.588,51.177,22.0,47589.0,46589.0,1000.0,0.0,0.0,,1000000000.0,0.0,1000000000.0,0.0,1.0,0.0,
50000052,,,,0,,5,Medium,0,-1,3.122,52.011,22.0,48889.0,47889.0,1000.0,0.0,0.0,,1000000000.0,0.0,1000000000.0,0.0,1.0,0.0,
52,,,,0,,0,Medium,0,-1,3.155,52.022,44.0,48867.0,47867.0,1000.0,0.0,0.0,,1000000000.0,0.0,1000000000.0,0.0,1.0,0.0,
20000052,,,,0,,2,Medium,0,-1,4.277,52.055,55.0,47778.0,46778.0,1000.0,0.0,0.0,,1000000000.0,0.0,1000000000.0,0.0,1.0,0.0,
10000052,,,,0,,1,Medium,0,-1,3.222,52.066,222.0,48844.0,47844.0,1000.0,0.0,0.0,,1000000000.0,0.0,1000000000.0,0.0,1.0,0.0,
40000052,,,,0,,4,Medium,0,-1,3.744,52.144,100.0,48400.0,47400.0,1000.0,0.0,0.0,,1000000000.0,0.0,1000000000.0,0.0,1.0,0.0,
30000052,,,,0,,3,Medium,0,-1,3.611,52.177,23.0,48566.0,47566.0,1000.0,0.0,0.0,,1000000000.0,0.0,1000000000.0,0.0,1.0,0.0,
50000053,,,,0,,5,Medium,0,-1,3.133,53.011,11.0,49878.0,48878.0,1000.0,0.0,0.0,,1000000000.0,0.0,1000000000.0,0.0,1.0,0.0,
53,,,,0,,0,Medium,0,-1,3.166,53.022,11.0,49856.0,48856.0,1000.0,0.0,0.0,,1000000000.0,0.0,1000000000.0,0.0,1.0,0.0,
20000053,,,,0,,2,Medium,0,-1,4.3,53.055,23.0,48755.0,47755.0,1000.0,0.0,0.0,,1000000000.0,0.0,1000000000.0,0.0,1.0,0.0,
10000053,,,,0,,1,Medium,0,-1,3.233,53.066,11.0,49833.0,48833.0,1000.0,0.0,0.0,,1000000000.0,0.0,1000000000.0,0.0,1.0,0.0,
40000053,,,,0,,4,Medium,0,-1,3.766,53.144,22.0,49378.0,48378.0,1000.0,0.0,0.0,,1000000000.0,0.0,1000000000.0,0.0,1.0,0.0,
30000053,,,,0,,3,Medium,0,-1,3.677,53.177,66.0,49500.0,48500.0,1000.0,0.0,0.0,,1000000000.0,0.0,1000000000.0,0.0,1.0,0.0,
50000054,,,,0,,5,Medium,0,-1,3.144,54.011,11.0,50867.0,49867.0,1000.0,0.0,0.0,,1000000000.0,0.0,1000000000.0,0.0,1.0,0.0,
54,,,,0,,0,Medium,0,-1,3.211,54.022,45.0,50811.0,49811.0,1000.0,0.0,0.0,,1000000000.0,0.0,1000000000.0,0.0,1.0,0.0,
20000054,,,,0,,2,Medium,0,-1,4.422,54.055,122.0,49633.0,48633.0,1000.0,0.0,0.0,,1000000000.0,0.0,1000000000.0,0.0,1.0,0.0,
10000054,,,,0,,1,Medium,0,-1,3.244,54.066,11.0,50822.0,49822.0,1000.0,0.0,0.0,,1000000000.0,0.0,1000000000.0,0.0,1.0,0.0,
40000054,,,,0,,4,Medium,0,-1,3.833,54.144,67.0,50311.0,49311.0,1000.0,0.0,0.0,,1000000000.0,0.0,1000000000.0,0.0,1.0,0.0,
30000054,,,,0,,3,Medium,0,-1,3.844,54.177,167.0,50333.0,49333.0,1000.0,0.0,0.0,,1000000000.0,0.0,1000000000.0,0.0,1.0,0.0,
50000055,,,,0,,5,Medium,0,-1,3.188,55.011,44.0,51823.0,50823.0,1000.0,0.0,0.0,,1000000000.0,0.0,1000000000.0,0.0,1.0,0.0,
55,,,,0,,0,Medium,0,-1,3.344,55.022,133.0,51678.0,50678.0,1000.0,0.0,0.0,,1000000000.0,0.0,1000000000.0,0.0,1.0,0.0,
20000055,,,,0,,2,Medium,0,-1,4.444,55.055,22.0,50611.0,49611.0,1000.0,0.0,0.0,,1000000000.0,0.0,1000000000.0,0.0,1.0,0.0,
10000055,,,,0,,1,Medium,0,-1,3.277,55.066,33.0,51789.0,50789.0,1000.0,0.0,0.0,,1000000000.0,0.0,1000000000.0,0.0,1.0,0.0,
40000055,,,,0,,4,Medium,0,-1,3.855,55.144,22.0,51289.0,50289.0,1000.0,0.0,0.0,,1000000000.0,0.0,1000000000.0,0.0,1.0,0.0,
30000055,,,,0,,3,Medium,0,-1,3.988,55.177,144.0,51189.0,50189.0,1000.0,0.0,0.0,,1000000000.0,0.0,1000000000.0,0.0,1.0,0.0,
50000056,,,,0,,5,Medium,0,-1,3.4,56.011,212.0,52611.0,51611.0,1000.0,0.0,0.0,,1000000000.0,0.0,1000000000.0,0.0,1.0,0.0,
56,,,,0,,0,Medium,0,-1,3.377,56.022,33.0,52645.0,51645.0,1000.0,0.0,0.0,,1000000000.0,0.0,1000000000.0,0.0,1.0,0.0,
20000056,,,,0,,2,Medium,0,-1,4.477,56.055,33.0,51578.0,50578.0,1000.0,0.0,0.0,,1000000000.0,0.0,1000000000.0,0.0,1.0,0.0,
10000056,,,,0,,1,Medium,0,-1,3.3,56.066,23.0,52766.0,51766.0,1000.0,0.0,0.0,,1000000000.0,0.0,1000000000.0,0.0,1.0,0.0,
40000056,,,,0,,4,Medium,0,-1,3.866,56.144,11.0,52278.0,51278.0,1000.0,0.0,0.0,,1000000000.0,0.0,1000000000.0,0.0,1.0,0.0,
30000056,,,,0,,3,Medium,0,-1,4.088,56.177,100.0,52089.0,51089.0,1000.0,0.0,0.0,,1000000000.0,0.0,1000000000.0,0.0,1.0,0.0,
50000057,,,,0,,5,Medium,0,-1,3.622,57.011,222.0,53389.0,52389.0,1000.0,0.0,0.0,,1000000000.0,0.0,1000000000.0,0.0,1.0,0.0,
57,,,,0,,0,Medium,0,-1,3.388,57.022,11.0,53634.0,52634.0,1000.0,0.0,0.0,,1000000000.0,0.0,1000000000.0,0.0,1.0,0.0,
20000057,,,,0,,2,Medium,0,-1,4.488,57.055,11.0,52567.0,51567.0,1000.0,0.0,0.0,,1000000000.0,0.0,1000000000.0,0.0,1.0,0.0,
10000057,,,,0,,1,Medium,0,-1,3.333,57.066,33.0,53733.0,52733.0,1000.0,0.0,0.0,,1000000000.0,0.0,1000000000.0,0.0,1.0,0.0,
40000057,,,,0,,4,Medium,0,-1,3.9,57.144,34.0,53244.0,52244.0,1000.0,0.0,0.0,,1000000000.0,0.0,1000000000.0,0.0,1.0,0.0,
30000057,,,,0,,3,Medium,0,-1,4.233,57.177,145.0,52944.0,51944.0,1000.0,0.0,0.0,,1000000000.0,0.0,1000000000.0,0.0,1.0,0.0,
50000058,,,,0,,5,Medium,0,-1,3.633,58.011,11.0,54378.0,53378.0,1000.0,0.0,0.0,,1000000000.0,0.0,1000000000.0,0.0,1.0,0.0,
58,,,,0,,0,Medium,0,-1,3.422,58.022,34.0,54600.0,53600.0,1000.0,0.0,0.0,,1000000000.0,0.0,1000000000.0,0.0,1.0,0.0,
20000058,,,,0,,2,Medium,0,-1,4.544,58.055,56.0,53511.0,52511.0,1000.0,0.0,0.0,,1000000000.0,0.0,1000000000.0,0.0,1.0,0.0,
10000058,,,,0,,1,Medium,0,-1,3.444,58.066,111.0,54622.0,53622.0,1000.0,0.0,0.0,,1000000000.0,0.0,1000000000.0,0.0,1.0,0.0,
40000058,,,,0,,4,Medium,0,-1,3.944,58.144,44.0,54200.0,53200.0,1000.0,0.0,0.0,,1000000000.0,0.0,1000000000.0,0.0,1.0,0.0,
30000058,,,,0,,3,Medium,0,-1,4.288,58.177,55.0,53889.0,52889.0,1000.0,0.0,0.0,,1000000000.0,0.0,1000000000.0,0.0,1.0,0.0,
50000059,,,,0,,5,Medium,0,-1,3.655,59.011,22.0,55356.0,54356.0,1000.0,0.0,0.0,,1000000000.0,0.0,1000000000.0,0.0,1.0,0.0,
59,,,,0,,0,Medium,0,-1,3.433,59.022,11.0,55589.0,54589.0,1000.0,0.0,0.0,,1000000000.0,0.0,1000000000.0,0.0,1.0,0.0,
20000059,,,,0,,2,Medium,0,-1,4.622,59.055,78.0,54433.0,53433.0,1000.0,0.0,0.0,,1000000000.0,0.0,1000000000.0,0.0,1.0,0.0,
10000059,,,,0,,1,Medium,0,-1,3.455,59.066,11.0,55611.0,54611.0,1000.0,0.0,0.0,,1000000000.0,0.0,1000000000.0,0.0,1.0,0.0,
40000059,,,,0,,4,Medium,0,-1,4.011,59.144,67.0,55133.0,54133.0,1000.0,0.0,0.0,,1000000000.0,0.0,1000000000.0,0.0,1.0,0.0,
30000059,,,,0,,3,Medium,0,-1,4.333,59.177,45.0,54844.0,53844.0,1000.0,0.0,0.0,,1000000000.0,0.0,1000000000.0,0.0,1.0,0.0,
